sample-id	Fraction	Genotype	Soil	Experiment	lowgermination	replant	Depth
syncomP89_160125	Inoculum	Inoculum		A			174312
syncomP89_160126	Inoculum	Inoculum		A			174312
GC92GC2_806rcbc360	Soil	Soil	MF21	GC2			121869
GC20GC1_806rcbc131	EC	pht1:1	MF21	GC1	20.0		31770
syncomP77_160126	Agar	Agar		A			112738
syncomP77_160125	Agar	Agar		A			112738
GC57GC2_806rcbc145	EC	pho2	MF21	GC2			72532
syncomP49_160125	Agar	Agar		A			150667
GC36GC2_806rcbc464	EC	phf1	MF21	GC2			85626
syncomP49_160126	Agar	Agar		A			150667
GC55GC1_806rcbc289	EC	pho2	MF21	GC1			96590
GC59GC2_806rcbc164	EC	pho2	MF21	GC2			67160
GC99GC2_806rcbc434	Soil	Soil	MF21	GC2			169117
GC60GC2_806rcbc465	EC	pho2	MF21	GC2			74950
GC63GC2_806rcbc165							
GC82GC1_806rcbc173	EC	phr1	MF21	GC1			37814
GC17GC2_806rcbc454	EC	pht1:1	MF21	GC2			50133
GC31GC1_806rcbc109	EC	phf1	MF21	GC1			108304
syncomP26_160126	Root	phf1		B			5183
syncomP26_160125	Root	phf1		B			5183
GC7GC2_806rcbc345	EC	Col	MF21	GC2			49664
GC79GC1_806rcbc108							
syncomP18_160125	Root	phr1/phl1		A			20159
syncomP18_160126	Root	phr1/phl1		A			20159
GC44GC1_806rcbc307	EC	nla	MF21	GC1			63953
GC66GC2_806rcbc136							
GC98GC1_806rcbc405	EC	SPX1/SPX2	MF21	GC1			24078
GC65GC2_806rcbc436							
GC110GC1_806rcbc330	Soil	Soil	MF21	GC1	110.0		212672
syncomP15_160125	Root	phf1		A			4130
syncomP15_160126	Root	phf1		A			4130
GC4GC1_806rcbc352	EC	Col	MF21	GC1			27781
GC11GC2_806rcbc108	EC	pht1:1	MF21	GC2			83658
GC29GC1_806rcbc312	EC	pht1:1/pht1:4	MF21	GC1			91436
GC74GC2_806rcbc401	EC	phr1	MF21	GC2			94428
syncomP84_160125	Agar	Agar		B			109010
syncomP84_160126	Agar	Agar		B			109010
GC7GC2_806rcbc153	EC	Col	MF21	GC2			49664
GC48GC1_806rcbc178	EC	nla	MF21	GC1			7114
GC4GC2_806rcbc450	EC	Col	MF21	GC2			90516
GC94GC1_806rcbc188	EC	SPX1/SPX2	MF21	GC1			24277
GC86GC1_806rcbc180							
syncomP44_160125	Agar	Agar		A			52905
syncomP44_160126	Agar	Agar		A			52905
GC69GC2_806rcbc432							
GC30GC2_806rcbc343	EC	pht1:1/pht1:4	MF21	GC2			69108
GC84GC2_806rcbc155	EC	SPX1/SPX2	MF21	GC2			107560
GC82GC1_806rcbc365	EC	phr1	MF21	GC1			37814
GC57GC1_806rcbc305	EC	pho2	MF21	GC1			7916
syncomP96_160126				Blank			25213
GC51GC2_806rcbc135	EC	pho2	MF21	GC2			81935
syncomP96_160125				Blank			25213
GC91GC2_806rcbc397	Soil	Soil	MF21	GC2			223301
GC80GC2_806rcbc315	EC	phr1	MF21	GC2			81073
GC31GC1_806rcbc447	EC	phf1	MF21	GC1			108304
GC23GC2_806rcbc295	EC	pht1:1/pht1:4	MF21	GC2			103243
syncomP68_160125	Agar	Agar		B			110863
syncomP68_160126	Agar	Agar		B			110863
syncomP56_160126	Agar	Agar		B			79325
syncomP56_160125	Agar	Agar		B			79325
GC56GC2_806rcbc359	EC	pho2	MF21	GC2			49955
GC107GC1_806rcbc162	Soil	Soil	MF21	GC1	107.0		240209
GC92GC2_806rcbc456	Soil	Soil	MF21	GC2			121869
GC104GC1_806rcbc390	Soil	Soil	MF21	GC1	104.0		70752
GC34GC2_806rcbc430	EC	phf1	MF21	GC2			81899
GC99GC1_806rcbc133							
GC6GC1_806rcbc368	EC	Col	MF21	GC1	6.0	2014-02-03	79875
GC24GC2_806rcbc122	EC	pht1:1/pht1:4	MF21	GC2			83310
GC8GC1_806rcbc132							
GC72GC1_806rcbc99							
syncomP39_160125	Root	phr1/phl1		B			26508
syncomP39_160126	Root	phr1/phl1		B			26508
GC12GC2_806rcbc127	EC	pht1:1	MF21	GC2			73797
GC21GC2_806rcbc309	EC	pht1:1/pht1:4	MF21	GC2			80795
GC87GC1_806rcbc151	EC	phr1	MF21	GC1			63863
GC57GC1_806rcbc113	EC	pho2	MF21	GC1			7916
GC11GC1_806rcbc130	EC	pht1:1	MF21	GC1	11.0		92153
GC44GC2_806rcbc333	EC	nla	MF21	GC2			100396
GC33GC2_806rcbc175	EC	phf1	MF21	GC2			89760
GC58GC2_806rcbc316	EC	pho2	MF21	GC2			58325
syncomP34_160125	Root	phf1		B			61369
syncomP34_160126	Root	phf1		B			61369
GC19GC2_806rcbc156	EC	pht1:1	MF21	GC2			55469
GC33GC1_806rcbc348							
GC51GC1_806rcbc369	EC	pho2	MF21	GC1			173254
GC8GC1_806rcbc324							
GC42GC2_806rcbc476	EC	nla	MF21	GC2			136215
GC9GC1_806rcbc331	EC	Col	MF21	GC1	9.0	2014-02-03	4054
syncomP1_160125	Root	Col-0		A			79038
syncomP1_160126	Root	Col-0		A			79038
GC38GC1_806rcbc123	EC	phf1	MF21	GC1			19921
GC99GC1_806rcbc325							
syncomP65_160125	Agar	Agar		A			166554
syncomP65_160126	Agar	Agar		A			166554
GC90GC1_806rcbc313	EC	phr1	MF21	GC1			21513
GC67GC2_806rcbc390							
GC24GC1_806rcbc148	EC	pht1:1/pht1:4	MF21	GC1			35288
GC85GC2_806rcbc173	EC	SPX1/SPX2	MF21	GC2			3957
GC52GC2_806rcbc129	EC	pho2	MF21	GC2			94083
GC8GC2_806rcbc323	EC	Col	MF21	GC2			88558
GC13GC2_806rcbc366	EC	pht1:1	MF21	GC2			76911
GC38GC1_806rcbc315	EC	phf1	MF21	GC1			19921
GC54GC1_806rcbc161	EC	pho2	MF21	GC1			35133
GC40GC1_806rcbc168							
syncomP35_160125	Root	phf1		B			40443
GC5GC2_806rcbc387	EC	Col	MF21	GC2			89372
syncomP35_160126	Root	phf1		B			40443
GC91GC2_806rcbc301	Soil	Soil	MF21	GC2			223301
GC20GC2_806rcbc125	EC	pht1:1	MF21	GC2			114653
GC83GC1_806rcbc298	EC	phr1	MF21	GC1			8552
GC86GC1_806rcbc372							
GC10GC2_806rcbc121	EC	Col	MF21	GC2			90835
syncomP64_160125	Agar	Agar		A			64111
syncomP64_160126	Agar	Agar		A			64111
GC85GC1_806rcbc154	EC	phr1	MF21	GC1			37699
GC64GC2_806rcbc335							
GC75GC1_806rcbc293							
GC107GC1_806rcbc354	Soil	Soil	MF21	GC1	107.0		240209
GC41GC2_806rcbc322	EC	nla	MF21	GC2			85567
syncomP69_160125	Agar	Agar		B			87781
syncomP69_160126	Agar	Agar		B			87781
GC110GC1_806rcbc426	Soil	Soil	MF21	GC1	110.0		212672
GC24GC2_806rcbc314	EC	pht1:1/pht1:4	MF21	GC2			83310
syncomP57_160126	Agar	Agar		B			149162
syncomP57_160125	Agar	Agar		B			149162
GC85GC2_806rcbc365	EC	SPX1/SPX2	MF21	GC2			3957
GC34GC2_806rcbc142	EC	phf1	MF21	GC2			81899
GC27GC1_806rcbc116	EC	pht1:1/pht1:4	MF21	GC1			52019
GC80GC2_806rcbc123	EC	phr1	MF21	GC2			81073
GC37GC1_806rcbc297							
GC35GC1_806rcbc111	EC	phf1	MF21	GC1			26633
syncomP38_160125	Root	phr1/phl1		B			32049
syncomP38_160126	Root	phr1/phl1		B			32049
GC53GC2_806rcbc393	EC	pho2	MF21	GC2			71706
GC91GC1_806rcbc335	EC	SPX1/SPX2	MF21	GC1			23075
GC74GC1_806rcbc296							
GC31GC1_806rcbc351	EC	phf1	MF21	GC1			108304
syncomP14_160125	Root	phf1		A			5761
GC47GC2_806rcbc96	EC	nla	MF21	GC2			52599
syncomP14_160126	Root	phf1		A			5761
GC65GC2_806rcbc148							
syncomP85_160125	Agar	Agar		B			138479
GC98GC2_806rcbc292	Soil	Soil	MF21	GC2			218115
syncomP85_160126	Agar	Agar		B			138479
GC87GC2_806rcbc128	EC	SPX1/SPX2	MF21	GC2			88292
GC48GC2_806rcbc440	EC	nla	MF21	GC2			29844
GC8GC2_806rcbc419	EC	Col	MF21	GC2			88558
syncomP45_160125	Agar	Agar		A			35469
syncomP45_160126	Agar	Agar		A			35469
GC78GC1_806rcbc292							
GC9GC2_806rcbc290	EC	Col	MF21	GC2			82889
GC14GC2_806rcbc115	EC	pht1:1	MF21	GC2			56504
syncomP88_160125	Inoculum	Inoculum		A			128429
syncomP88_160126	Inoculum	Inoculum		A			128429
GC44GC2_806rcbc429	EC	nla	MF21	GC2			100396
GC64GC1_806rcbc302							
GC99GC2_806rcbc146	Soil	Soil	MF21	GC2			169117
syncomP76_160126	Agar	Agar		A			104877
syncomP76_160125	Agar	Agar		A			104877
syncomP48_160125	Agar	Agar		A			69041
syncomP48_160126	Agar	Agar		A			69041
GC26GC2_806rcbc134	EC	pht1:1/pht1:4	MF21	GC2			110946
GC41GC2_806rcbc418	EC	nla	MF21	GC2			85567
GC102GC1_806rcbc318	Soil	Soil	MF21	GC1	102.0		305957
GC106GC1_806rcbc474	Soil	Soil	MF21	GC1	106.0		239342
syncomP27_160126	Root	phf1		B			20924
syncomP27_160125	Root	phf1		B			20924
GC43GC1_806rcbc147	EC	nla	MF21	GC1			37348
syncomP19_160125	Root	Col-0		A			26579
syncomP19_160126	Root	Col-0		A			26579
GC58GC1_806rcbc175	EC	pho2	MF21	GC1			23796
GC12GC2_806rcbc415	EC	pht1:1	MF21	GC2			73797
GC94GC2_806rcbc312	Soil	Soil	MF21	GC2			172432
GC92GC2_806rcbc168	Soil	Soil	MF21	GC2			121869
GC56GC1_806rcbc165	EC	pho2	MF21	GC1			40635
GC85GC2_806rcbc461	EC	SPX1/SPX2	MF21	GC2			3957
GC24GC2_806rcbc410	EC	pht1:1/pht1:4	MF21	GC2			83310
GC64GC2_806rcbc431							
GC2GC2_806rcbc170	EC	Col	MF21	GC2			103930
GC93GC1_806rcbc137	EC	SPX1/SPX2	MF21	GC1			59271
GC83GC2_806rcbc392	EC	SPX1/SPX2	MF21	GC2			91621
syncomP33_160126	Root	Col-0		B			139893
syncomP33_160125	Root	Col-0		B			139893
GC42GC1_806rcbc314	EC	nla	MF21	GC1			39245
GC73GC1_806rcbc171							
GC2GC1_806rcbc183	EC	Col	MF21	GC1	2.0	2014-02-03	47519
GC31GC1_806rcbc301	EC	phf1	MF21	GC1			108304
syncomP62_160126	Agar	Agar		A			118553
syncomP62_160125	Agar	Agar		A			118553
syncomP6_160126	Root	phf1		A			5184
syncomP6_160125	Root	phf1		A			5184
GC53GC1_806rcbc157	EC	pho2	MF21	GC1			68797
GC79GC1_806rcbc300							
GC74GC1_806rcbc104							
GC45GC1_806rcbc362	EC	nla	MF21	GC1			68971
GC108GC1_806rcbc295							
GC5GC1_806rcbc338	EC	Col	MF21	GC1	5.0	2014-02-03	6745
GC78GC2_806rcbc475	EC	phr1	MF21	GC2			28990
GC13GC2_806rcbc462	EC	pht1:1	MF21	GC2			76911
syncomP91_160125	Inoculum	Inoculum		B			145272
syncomP91_160126	Inoculum	Inoculum		B			145272
GC110GC1_806rcbc138	Soil	Soil	MF21	GC1	110.0		212672
GC11GC2_806rcbc300	EC	pht1:1	MF21	GC2			83658
syncomP51_160125	Agar	Agar		A			126681
syncomP51_160126	Agar	Agar		A			126681
GC55GC2_806rcbc171	EC	pho2	MF21	GC2			79885
GC46GC1_806rcbc125	EC	nla	MF21	GC1			5119
GC94GC1_806rcbc380	EC	SPX1/SPX2	MF21	GC1			24277
GC98GC2_806rcbc100	Soil	Soil	MF21	GC2			218115
GC48GC1_806rcbc370	EC	nla	MF21	GC1			7114
GC78GC1_806rcbc100							
GC15GC2_806rcbc150	EC	pht1:1	MF21	GC2			72656
GC75GC1_806rcbc101							
GC49GC2_806rcbc389	EC	nla	MF21	GC2			112797
GC19GC1_806rcbc379	EC	pht1:1	MF21	GC1			4034
GC17GC2_806rcbc166	EC	pht1:1	MF21	GC2			50133
GC109GC1_806rcbc185	Soil	Soil	MF21	GC1	109.0		321658
GC103GC1_806rcbc342	Soil	Soil	MF21	GC1	103.0		217547
GC16GC1_806rcbc136	EC	pht1:1	MF21	GC1	16.0		31924
syncomP12_160126	Root	Col-0		A			55169
syncomP12_160125	Root	Col-0		A			55169
GC32GC1_806rcbc134							
GC37GC1_806rcbc105							
syncomP83_160126	Agar	Agar		B			112366
syncomP83_160125	Agar	Agar		B			112366
GC48GC2_806rcbc152	EC	nla	MF21	GC2			29844
GC23GC1_806rcbc374							
syncomP43_160126	Agar	Agar		A			85876
syncomP43_160125	Agar	Agar		A			85876
GC71GC2_806rcbc160	EC	phr1	MF21	GC2			55857
GC4GC2_806rcbc162	EC	Col	MF21	GC2			90516
syncomP70_160125	Agar	Agar		B			150950
syncomP70_160126	Agar	Agar		B			150950
GC77GC2_806rcbc378	EC	phr1	MF21	GC2			73471
GC77GC1_806rcbc145							
GC71GC1_806rcbc144							
GC9GC1_806rcbc139	EC	Col	MF21	GC1	9.0	2014-02-03	4054
GC83GC1_806rcbc106	EC	phr1	MF21	GC1			8552
GC62GC2_806rcbc110							
syncomP21_160125							
syncomP21_160126							
GC48GC2_806rcbc344	EC	nla	MF21	GC2			29844
GC94GC2_806rcbc408	Soil	Soil	MF21	GC2			172432
GC24GC1_806rcbc340	EC	pht1:1/pht1:4	MF21	GC1			35288
GC87GC2_806rcbc416	EC	SPX1/SPX2	MF21	GC2			88292
GC52GC2_806rcbc321	EC	pho2	MF21	GC2			94083
GC36GC1_806rcbc344	EC	phf1	MF21	GC1			9463
GC97GC1_806rcbc141	EC	SPX1/SPX2	MF21	GC1			198505
GC91GC1_806rcbc143	EC	SPX1/SPX2	MF21	GC1			23075
GC36GC2_806rcbc176	EC	phf1	MF21	GC2			85626
GC76GC1_806rcbc112							
syncomP71_160125	Agar	Agar		B			126427
syncomP71_160126	Agar	Agar		B			126427
GC38GC2_806rcbc154	EC	phf1	MF21	GC2			87423
GC91GC2_806rcbc109	Soil	Soil	MF21	GC2			223301
GC31GC2_806rcbc161	EC	phf1	MF21	GC2			40403
GC40GC1_806rcbc360							
GC69GC2_806rcbc336							
GC60GC2_806rcbc177	EC	pho2	MF21	GC2			74950
GC47GC2_806rcbc384	EC	nla	MF21	GC2			52599
GC104GC1_806rcbc102	Soil	Soil	MF21	GC1	104.0		70752
GC27GC2_806rcbc339	EC	pht1:1/pht1:4	MF21	GC2			58806
GC74GC2_806rcbc305	EC	phr1	MF21	GC2			94428
GC4GC2_806rcbc354	EC	Col	MF21	GC2			90516
GC105GC1_806rcbc114	Soil	Soil	MF21	GC1	105.0		289075
syncomP20_160125	Root	phf1		A			3183
syncomP20_160126	Root	phf1		A			3183
GC66GC2_806rcbc424							
GC98GC1_806rcbc117	EC	SPX1/SPX2	MF21	GC1			24078
GC76GC1_806rcbc304							
GC49GC1_806rcbc140	EC	nla	MF21	GC1			51614
syncomP13_160126	Root	phf1		A			9962
syncomP13_160125	Root	phf1		A			9962
GC46GC2_806rcbc349	EC	nla	MF21	GC2			41346
GC36GC1_806rcbc152	EC	phf1	MF21	GC1			9463
GC7GC2_806rcbc441	EC	Col	MF21	GC2			49664
GC21GC1_806rcbc164	EC	pht1:1/pht1:4	MF21	GC1			33670
GC74GC2_806rcbc113	EC	phr1	MF21	GC2			94428
syncomP82_160126	Agar	Agar		B			13540
syncomP82_160125	Agar	Agar		B			13540
GC67GC2_806rcbc102							
GC47GC2_806rcbc288	EC	nla	MF21	GC2			52599
GC88GC1_806rcbc135	EC	phr1	MF21	GC1			2437
syncomP42_160126	Root	phr1/phl1		B			14201
syncomP42_160125	Root	phr1/phl1		B			14201
syncomP90_160125	Inoculum	Inoculum		B			140782
syncomP90_160126	Inoculum	Inoculum		B			140782
GC58GC2_806rcbc412	EC	pho2	MF21	GC2			58325
GC7GC1_806rcbc124	EC	Col	MF21	GC1	7.0	2014-02-03	81114
syncomP50_160125	Agar	Agar		A			105496
syncomP50_160126	Agar	Agar		A			105496
GC100GC2_806rcbc111	Soil	Soil	MF21	GC2			235679
GC31GC1_806rcbc159	EC	phf1	MF21	GC1			108304
GC65GC2_806rcbc340							
GC93GC2_806rcbc329	Soil	Soil	MF21	GC2			124890
GC12GC1_806rcbc382	EC	pht1:1	MF21	GC1	12.0		4210
GC87GC2_806rcbc320	EC	SPX1/SPX2	MF21	GC2			88292
GC52GC2_806rcbc417	EC	pho2	MF21	GC2			94083
GC30GC2_806rcbc439	EC	pht1:1/pht1:4	MF21	GC2			69108
GC40GC1_806rcbc456							
GC77GC2_806rcbc186	EC	phr1	MF21	GC2			73471
GC19GC1_806rcbc187	EC	pht1:1	MF21	GC1			4034
GC22GC2_806rcbc318	EC	pht1:1/pht1:4	MF21	GC2			108820
GC11GC2_806rcbc396	EC	pht1:1	MF21	GC2			83658
GC37GC2_806rcbc308	EC	phf1	MF21	GC2			63723
syncomP32_160126	Root	Col-0		B			51502
syncomP32_160125	Root	Col-0		B			51502
GC80GC2_806rcbc411	EC	phr1	MF21	GC2			81073
GC64GC2_806rcbc143							
GC19GC2_806rcbc444	EC	pht1:1	MF21	GC2			55469
GC109GC1_806rcbc377	Soil	Soil	MF21	GC1	109.0		321658
GC3GC1_806rcbc319	EC	Col	MF21	GC1	3.0	2014-02-03	39390
GC16GC2_806rcbc140	EC	pht1:1	MF21	GC2			94919
GC42GC1_806rcbc122	EC	nla	MF21	GC1			39245
GC9GC2_806rcbc98	EC	Col	MF21	GC2			82889
GC34GC2_806rcbc334	EC	phf1	MF21	GC2			81899
syncomP63_160126	Agar	Agar		A			103627
syncomP63_160125	Agar	Agar		A			103627
syncomP7_160126	Root	phr1/phl1		A			22709
syncomP7_160125	Root	phr1/phl1		A			22709
syncomP24_160125	Root	Col-0		B			37537
syncomP24_160126	Root	Col-0		B			37537
GC53GC2_806rcbc297	EC	pho2	MF21	GC2			71706
GC35GC1_806rcbc303	EC	phf1	MF21	GC1			26633
GC58GC2_806rcbc124	EC	pho2	MF21	GC2			58325
GC27GC1_806rcbc308	EC	pht1:1/pht1:4	MF21	GC1			52019
GC26GC1_806rcbc311	EC	pht1:1/pht1:4	MF21	GC1			10855
GC72GC2_806rcbc437	EC	phr1	MF21	GC2			59567
GC96GC2_806rcbc311	Soil	Soil	MF21	GC2			176462
GC90GC1_806rcbc121	EC	phr1	MF21	GC1			21513
GC84GC1_806rcbc128	EC	phr1	MF21	GC1			38107
GC62GC1_806rcbc163							
GC85GC1_806rcbc346	EC	phr1	MF21	GC1			37699
syncomP75_160125	Agar	Agar		A			93802
syncomP75_160126	Agar	Agar		A			93802
GC41GC2_806rcbc130	EC	nla	MF21	GC2			85567
GC78GC2_806rcbc379	EC	phr1	MF21	GC2			28990
GC1GC2_806rcbc169	EC	Col	MF21	GC2			52708
GC61GC2_806rcbc426							
GC13GC1_806rcbc153	EC	pht1:1	MF21	GC1	13.0		1047
syncomP78_160125	Agar	Agar		A			104160
syncomP78_160126	Agar	Agar		A			104160
GC100GC1_806rcbc189	EC	SPX1/SPX2	MF21	GC1			17335
syncomP46_160126	Agar	Agar		B			9094
syncomP46_160125	Agar	Agar		B			9094
GC16GC2_806rcbc332	EC	pht1:1	MF21	GC2			94919
GC28GC2_806rcbc163	EC	pht1:1/pht1:4	MF21	GC2			53875
GC56GC2_806rcbc167	EC	pho2	MF21	GC2			49955
syncomP86_160126	Inoculum	Inoculum		A			131460
syncomP86_160125	Inoculum	Inoculum		A			131460
GC28GC1_806rcbc129	EC	pht1:1/pht1:4	MF21	GC1			105169
GC45GC2_806rcbc446	EC	nla	MF21	GC2			71483
syncomP29_160125	Root	phr1/phl1		B			52303
syncomP29_160126	Root	phr1/phl1		B			52303
syncomP17_160126	Root	phr1/phl1		A			72882
syncomP17_160125	Root	phr1/phl1		A			72882
GC13GC1_806rcbc345	EC	pht1:1	MF21	GC1	13.0		1047
GC79GC2_806rcbc179	EC	phr1	MF21	GC2			23812
GC5GC2_806rcbc99	EC	Col	MF21	GC2			89372
GC12GC2_806rcbc319	EC	pht1:1	MF21	GC2			73797
GC13GC2_806rcbc174	EC	pht1:1	MF21	GC2			76911
GC8GC2_806rcbc131	EC	Col	MF21	GC2			88558
GC69GC2_806rcbc144							
GC29GC1_806rcbc120	EC	pht1:1/pht1:4	MF21	GC1			91436
GC26GC2_806rcbc326	EC	pht1:1/pht1:4	MF21	GC2			110946
GC4GC1_806rcbc160	EC	Col	MF21	GC1			27781
GC34GC1_806rcbc364	EC	phf1	MF21	GC1			29634
GC77GC2_806rcbc474	EC	phr1	MF21	GC2			73471
GC27GC2_806rcbc147	EC	pht1:1/pht1:4	MF21	GC2			58806
GC3GC2_806rcbc132	EC	Col	MF21	GC2			110458
GC58GC1_806rcbc367	EC	pho2	MF21	GC1			23796
GC14GC2_806rcbc307	EC	pht1:1	MF21	GC2			56504
GC97GC1_806rcbc333	EC	SPX1/SPX2	MF21	GC1			198505
syncomP54_160125	Agar	Agar		B			115942
syncomP54_160126	Agar	Agar		B			115942
GC83GC2_806rcbc104	EC	SPX1/SPX2	MF21	GC2			91621
GC64GC1_806rcbc110							
syncomP94_160125				Blank			44239
syncomP94_160126				Blank			44239
GC108GC1_806rcbc103							
GC18GC2_806rcbc447	EC	pht1:1	MF21	GC2			81106
GC88GC2_806rcbc427	EC	SPX1/SPX2	MF21	GC2			74845
syncomP67_160126	Agar	Agar		B			60073
syncomP67_160125	Agar	Agar		B			60073
syncomP3_160126	Root	Col-0		A			59848
syncomP3_160125	Root	Col-0		A			59848
syncomP59_160125	Agar	Agar		B			105836
syncomP59_160126	Agar	Agar		B			105836
GC34GC1_806rcbc172	EC	phf1	MF21	GC1			29634
GC59GC2_806rcbc356	EC	pho2	MF21	GC2			67160
GC3GC2_806rcbc324	EC	Col	MF21	GC2			110458
GC76GC2_806rcbc185	EC	phr1	MF21	GC2			85698
GC15GC2_806rcbc438	EC	pht1:1	MF21	GC2			72656
GC1GC1_806rcbc290	Root	phr1/phl1		A			34548
GC43GC2_806rcbc106	EC	nla	MF21	GC2			93608
GC40GC2_806rcbc406	EC	phf1	MF21	GC2			33993
GC49GC1_806rcbc332	EC	nla	MF21	GC1			51614
GC10GC2_806rcbc409	EC	Col	MF21	GC2			90835
GC57GC2_806rcbc433	EC	pho2	MF21	GC2			72532
syncomP36_160126	Root	phf1		B			11116
syncomP36_160125	Root	phf1		B			11116
GC63GC2_806rcbc357							
GC74GC1_806rcbc392							
syncomP66_160126	Agar	Agar		A			106590
syncomP66_160125	Agar	Agar		A			106590
GC105GC1_806rcbc402	Soil	Soil	MF21	GC1	105.0		289075
syncomP58_160125	Agar	Agar		B			121345
syncomP58_160126	Agar	Agar		B			121345
syncomP2_160126	Root	Col-0		A			60730
syncomP2_160125	Root	Col-0		A			60730
GC29GC2_806rcbc97	EC	pht1:1/pht1:4	MF21	GC2			88181
GC84GC2_806rcbc347	EC	SPX1/SPX2	MF21	GC2			107560
GC30GC2_806rcbc151	EC	pht1:1/pht1:4	MF21	GC2			69108
GC75GC2_806rcbc472	EC	phr1	MF21	GC2			66906
GC102GC1_806rcbc126	Soil	Soil	MF21	GC1	102.0		305957
syncomP37_160126	Root	phr1/phl1		B			19480
syncomP37_160125	Root	phr1/phl1		B			19480
GC52GC1_806rcbc299							
GC44GC1_806rcbc115	EC	nla	MF21	GC1			63953
GC46GC2_806rcbc445	EC	nla	MF21	GC2			41346
GC90GC2_806rcbc299	EC	SPX1/SPX2	MF21	GC2			178887
GC38GC2_806rcbc442	EC	phf1	MF21	GC2			87423
GC61GC2_806rcbc330							
GC66GC2_806rcbc328							
GC96GC2_806rcbc407	Soil	Soil	MF21	GC2			176462
GC77GC1_806rcbc337							
GC16GC2_806rcbc428	EC	pht1:1	MF21	GC2			94919
GC39GC1_806rcbc334	EC	phf1	MF21	GC1			8415
GC71GC1_806rcbc336							
GC27GC2_806rcbc435	EC	pht1:1/pht1:4	MF21	GC2			58806
syncomP55_160125	Agar	Agar		B			81837
syncomP55_160126	Agar	Agar		B			81837
GC78GC2_806rcbc187	EC	phr1	MF21	GC2			28990
GC20GC1_806rcbc323	EC	pht1:1	MF21	GC1	20.0		31770
GC52GC1_806rcbc395							
syncomP95_160125				Blank			33962
syncomP95_160126				Blank			33962
GC90GC2_806rcbc395	EC	SPX1/SPX2	MF21	GC2			178887
GC45GC2_806rcbc350	EC	nla	MF21	GC2			71483
GC56GC1_806rcbc453	EC	pho2	MF21	GC1			40635
syncomP79_160125	Agar	Agar		A			76546
syncomP79_160126	Agar	Agar		A			76546
GC67GC2_806rcbc294							
syncomP47_160126	Agar	Agar		B			889
syncomP47_160125	Agar	Agar		B			889
GC14GC1_806rcbc310	EC	pht1:1	MF21	GC1	14.0		15851
GC25GC2_806rcbc133	EC	pht1:1/pht1:4	MF21	GC2			101617
GC76GC2_806rcbc377	EC	phr1	MF21	GC2			85698
syncomP87_160126	Inoculum	Inoculum		A			136747
syncomP87_160125	Inoculum	Inoculum		A			136747
GC81GC1_806rcbc96							
syncomP28_160125	Root	phr1/phl1		B			55950
GC89GC1_806rcbc361	EC	phr1	MF21	GC1			17315
syncomP28_160126	Root	phr1/phl1		B			55950
syncomP16_160126	Root	phr1/phl1		A			13615
syncomP16_160125	Root	phr1/phl1		A			13615
GC81GC2_806rcbc304	EC	SPX1/SPX2	MF21	GC2			110815
GC51GC1_806rcbc177	EC	pho2	MF21	GC1			173254
GC87GC1_806rcbc343	EC	phr1	MF21	GC1			63863
GC18GC2_806rcbc351	EC	pht1:1	MF21	GC2			81106
GC33GC1_806rcbc156							
GC88GC2_806rcbc331	EC	SPX1/SPX2	MF21	GC2			74845
GC19GC2_806rcbc348	EC	pht1:1	MF21	GC2			55469
GC49GC2_806rcbc293	EC	nla	MF21	GC2			112797
GC33GC2_806rcbc367	EC	phf1	MF21	GC2			89760
GC11GC1_806rcbc322	EC	pht1:1	MF21	GC1	11.0		92153
GC17GC1_806rcbc158	EC	pht1:1	MF21	GC1	17.0		6527
GC22GC2_806rcbc414	EC	pht1:1/pht1:4	MF21	GC2			108820
GC21GC2_806rcbc117	EC	pht1:1/pht1:4	MF21	GC2			80795
GC28GC2_806rcbc355	EC	pht1:1/pht1:4	MF21	GC2			53875
GC37GC2_806rcbc404	EC	phf1	MF21	GC2			63723
GC54GC1_806rcbc353	EC	pho2	MF21	GC1			35133
GC25GC2_806rcbc325	EC	pht1:1/pht1:4	MF21	GC2			101617
GC62GC1_806rcbc355							
GC40GC2_806rcbc310	EC	phf1	MF21	GC2			33993
GC89GC2_806rcbc402	EC	SPX1/SPX2	MF21	GC2			100611
syncomP25_160125	Root	phf1		B			8370
syncomP25_160126	Root	phf1		B			8370
GC104GC1_806rcbc294	Soil	Soil	MF21	GC1	104.0		70752
GC93GC2_806rcbc425	Soil	Soil	MF21	GC2			124890
GC42GC2_806rcbc380	EC	nla	MF21	GC2			136215
GC6GC1_806rcbc176	EC	Col	MF21	GC1	6.0	2014-02-03	79875
GC73GC2_806rcbc460	EC	phr1	MF21	GC2			45235
GC51GC2_806rcbc327	EC	pho2	MF21	GC2			81935
syncomP74_160125	Agar	Agar		A			109746
syncomP74_160126	Agar	Agar		A			109746
GC10GC2_806rcbc313	EC	Col	MF21	GC2			90835
GC72GC2_806rcbc149	EC	phr1	MF21	GC2			59567
GC23GC2_806rcbc391	EC	pht1:1/pht1:4	MF21	GC2			103243
GC5GC1_806rcbc146	EC	Col	MF21	GC1	5.0	2014-02-03	6745
GC81GC2_806rcbc112	EC	SPX1/SPX2	MF21	GC2			110815
GC20GC2_806rcbc317	EC	pht1:1	MF21	GC2			114653
syncomP4_160125	Root	phf1		A			25815
syncomP4_160126	Root	phf1		A			25815
GC22GC1_806rcbc184	EC	pht1:1/pht1:4	MF21	GC1			28011
syncomP60_160125	Agar	Agar		A			47766
syncomP60_160126	Agar	Agar		A			47766
GC26GC1_806rcbc119	EC	pht1:1/pht1:4	MF21	GC1			10855
GC88GC1_806rcbc327	EC	phr1	MF21	GC1			2437
GC62GC2_806rcbc398							
GC96GC2_806rcbc119	Soil	Soil	MF21	GC2			176462
GC84GC1_806rcbc320	EC	phr1	MF21	GC1			38107
syncomP31_160125	Root	Col-0		B			56998
syncomP31_160126	Root	Col-0		B			56998
GC5GC2_806rcbc291	EC	Col	MF21	GC2			89372
GC46GC2_806rcbc157	EC	nla	MF21	GC2			41346
GC98GC1_806rcbc309	EC	SPX1/SPX2	MF21	GC1			24078
GC72GC1_806rcbc291							
GC100GC1_806rcbc381	EC	SPX1/SPX2	MF21	GC1			17335
GC84GC2_806rcbc443	EC	SPX1/SPX2	MF21	GC2			107560
GC75GC2_806rcbc376	EC	phr1	MF21	GC2			66906
GC43GC1_806rcbc339	EC	nla	MF21	GC1			37348
GC105GC1_806rcbc306	Soil	Soil	MF21	GC1	105.0		289075
GC17GC2_806rcbc358	EC	pht1:1	MF21	GC2			50133
GC60GC2_806rcbc369	EC	pho2	MF21	GC2			74950
GC2GC1_806rcbc375	EC	Col	MF21	GC1	2.0	2014-02-03	47519
GC1GC1_806rcbc98	Root	phr1/phl1		A			34548
GC28GC1_806rcbc321	EC	pht1:1/pht1:4	MF21	GC1			105169
GC55GC1_806rcbc97	EC	pho2	MF21	GC1			96590
GC49GC2_806rcbc101	EC	nla	MF21	GC2			112797
syncomP9_160125	Root	phr1/phl1		A			55621
syncomP9_160126	Root	phr1/phl1		A			55621
GC71GC2_806rcbc352	EC	phr1	MF21	GC2			55857
syncomP53_160126	Agar	Agar		A			105804
syncomP53_160125	Agar	Agar		A			105804
GC36GC2_806rcbc368	EC	phf1	MF21	GC2			85626
GC99GC2_806rcbc338	Soil	Soil	MF21	GC2			169117
GC79GC2_806rcbc371	EC	phr1	MF21	GC2			23812
GC23GC2_806rcbc103	EC	pht1:1/pht1:4	MF21	GC2			103243
syncomP93_160126	Inoculum	Inoculum		B			115702
syncomP93_160125	Inoculum	Inoculum		B			115702
GC38GC2_806rcbc346	EC	phf1	MF21	GC2			87423
GC98GC2_806rcbc388	Soil	Soil	MF21	GC2			218115
GC84GC1_806rcbc416	EC	phr1	MF21	GC1			38107
syncomP41_160125	Root	phf1		B			7993
syncomP41_160126	Root	phf1		B			7993
GC9GC2_806rcbc386	EC	Col	MF21	GC2			82889
GC73GC2_806rcbc364	EC	phr1	MF21	GC2			45235
GC97GC1_806rcbc181	EC	SPX1/SPX2	MF21	GC1			198505
GC25GC2_806rcbc421	EC	pht1:1/pht1:4	MF21	GC2			101617
syncomP81_160125	Agar	Agar		B			1427
GC1GC2_806rcbc457	EC	Col	MF21	GC2			52708
syncomP81_160126	Agar	Agar		B			1427
GC89GC2_806rcbc306	EC	SPX1/SPX2	MF21	GC2			100611
syncomP10_160125	Root	Col-0		A			41779
syncomP10_160126	Root	Col-0		A			41779
GC95GC2_806rcbc468	Soil	Soil	MF21	GC2			140486
GC20GC2_806rcbc413	EC	pht1:1	MF21	GC2			114653
GC51GC2_806rcbc423	EC	pho2	MF21	GC2			81935
GC46GC1_806rcbc317	EC	nla	MF21	GC1			5119
GC37GC2_806rcbc116	EC	phf1	MF21	GC2			63723
GC21GC2_806rcbc405	EC	pht1:1/pht1:4	MF21	GC2			80795
GC76GC2_806rcbc473	EC	phr1	MF21	GC2			85698
GC23GC1_806rcbc182							
GC31GC2_806rcbc449	EC	phf1	MF21	GC2			40403
GC12GC1_806rcbc190	EC	pht1:1	MF21	GC1	12.0		4210
syncomP23_160126	Root	Col-0		B			43921
syncomP23_160125	Root	Col-0		B			43921
GC56GC1_806rcbc357	EC	pho2	MF21	GC1			40635
GC106GC1_806rcbc186	Soil	Soil	MF21	GC1	106.0		239342
GC93GC2_806rcbc137	Soil	Soil	MF21	GC2			124890
GC73GC2_806rcbc172	EC	phr1	MF21	GC2			45235
GC94GC2_806rcbc120	Soil	Soil	MF21	GC2			172432
GC33GC2_806rcbc463	EC	phf1	MF21	GC2			89760
syncomP72_160126	Agar	Agar		B			81712
syncomP72_160125	Agar	Agar		B			81712
GC56GC2_806rcbc455	EC	pho2	MF21	GC2			49955
GC95GC2_806rcbc180	Soil	Soil	MF21	GC2			140486
GC28GC2_806rcbc451	EC	pht1:1/pht1:4	MF21	GC2			53875
GC90GC2_806rcbc107	EC	SPX1/SPX2	MF21	GC2			178887
GC100GC2_806rcbc303	Soil	Soil	MF21	GC2			235679
GC52GC1_806rcbc107							
GC81GC2_806rcbc400	EC	SPX1/SPX2	MF21	GC2			110815
syncomP22_160126	Root	Col-0		B			40640
syncomP22_160125	Root	Col-0		B			40640
GC22GC2_806rcbc126	EC	pht1:1/pht1:4	MF21	GC2			108820
GC43GC2_806rcbc298	EC	nla	MF21	GC2			93608
GC55GC2_806rcbc363	EC	pho2	MF21	GC2			79885
GC75GC2_806rcbc184	EC	phr1	MF21	GC2			66906
GC15GC2_806rcbc342	EC	pht1:1	MF21	GC2			72656
GC70GC1_806rcbc149							
GC45GC1_806rcbc170	EC	nla	MF21	GC1			68971
syncomP73_160126	Agar	Agar		B			162572
syncomP73_160125	Agar	Agar		B			162572
GC3GC1_806rcbc127	EC	Col	MF21	GC1	3.0	2014-02-03	39390
GC61GC2_806rcbc138							
GC53GC1_806rcbc349	EC	pho2	MF21	GC1			68797
syncomP40_160125	Root	Col-0		B			11108
syncomP40_160126	Root	Col-0		B			11108
GC22GC1_806rcbc376	EC	pht1:1/pht1:4	MF21	GC1			28011
syncomP80_160125	Agar	Agar		B			138168
syncomP80_160126	Agar	Agar		B			138168
GC43GC2_806rcbc394	EC	nla	MF21	GC2			93608
GC7GC1_806rcbc316	EC	Col	MF21	GC1	7.0	2014-02-03	81114
GC83GC2_806rcbc296	EC	SPX1/SPX2	MF21	GC2			91621
GC93GC1_806rcbc329	EC	SPX1/SPX2	MF21	GC1			59271
GC71GC2_806rcbc448	EC	phr1	MF21	GC2			55857
GC79GC2_806rcbc467	EC	phr1	MF21	GC2			23812
syncomP11_160125	Root	Col-0		A			46256
syncomP11_160126	Root	Col-0		A			46256
GC2GC2_806rcbc362	EC	Col	MF21	GC2			103930
GC73GC1_806rcbc363							
GC45GC2_806rcbc158	EC	nla	MF21	GC2			71483
GC100GC2_806rcbc399	Soil	Soil	MF21	GC2			235679
GC44GC2_806rcbc141	EC	nla	MF21	GC2			100396
GC106GC1_806rcbc378	Soil	Soil	MF21	GC1	106.0		239342
GC14GC1_806rcbc118	EC	pht1:1	MF21	GC1	14.0		15851
GC62GC2_806rcbc302							
GC59GC2_806rcbc452	EC	pho2	MF21	GC2			67160
GC29GC2_806rcbc385	EC	pht1:1/pht1:4	MF21	GC2			88181
GC3GC2_806rcbc420	EC	Col	MF21	GC2			110458
GC89GC1_806rcbc169	EC	phr1	MF21	GC1			17315
GC63GC2_806rcbc453							
syncomP52_160126	Agar	Agar		A			84450
GC95GC2_806rcbc372	Soil	Soil	MF21	GC2			140486
syncomP52_160125	Agar	Agar		A			84450
GC88GC2_806rcbc139	EC	SPX1/SPX2	MF21	GC2			74845
syncomP8_160125	Root	phr1/phl1		A			31634
syncomP8_160126	Root	phr1/phl1		A			31634
GC18GC2_806rcbc159	EC	pht1:1	MF21	GC2			81106
GC21GC1_806rcbc356	EC	pht1:1/pht1:4	MF21	GC1			33670
GC57GC2_806rcbc337	EC	pho2	MF21	GC2			72532
GC17GC1_806rcbc350	EC	pht1:1	MF21	GC1	17.0		6527
GC55GC2_806rcbc459	EC	pho2	MF21	GC2			79885
syncomP92_160126	Inoculum	Inoculum		B			164692
syncomP92_160125	Inoculum	Inoculum		B			164692
GC31GC2_806rcbc353	EC	phf1	MF21	GC2			40403
GC34GC1_806rcbc460	EC	phf1	MF21	GC1			29634
syncomP5_160125	Root	phf1		A			13605
syncomP5_160126	Root	phf1		A			13605
syncomP61_160125	Agar	Agar		A			122627
syncomP61_160126	Agar	Agar		A			122627
GC53GC2_806rcbc105	EC	pho2	MF21	GC2			71706
GC39GC1_806rcbc142	EC	phf1	MF21	GC1			8415
GC29GC2_806rcbc289	EC	pht1:1/pht1:4	MF21	GC2			88181
GC2GC2_806rcbc458	EC	Col	MF21	GC2			103930
GC40GC2_806rcbc118	EC	phf1	MF21	GC2			33993
GC81GC1_806rcbc288							
GC26GC2_806rcbc422	EC	pht1:1/pht1:4	MF21	GC2			110946
GC42GC2_806rcbc188	EC	nla	MF21	GC2			136215
syncomP30_160125	Root	phr1/phl1		B			15036
syncomP30_160126	Root	phr1/phl1		B			15036
GC16GC1_806rcbc328	EC	pht1:1	MF21	GC1	16.0		31924
GC14GC2_806rcbc403	EC	pht1:1	MF21	GC2			56504
GC32GC1_806rcbc326							
GC72GC2_806rcbc341	EC	phr1	MF21	GC2			59567
GC103GC1_806rcbc150	Soil	Soil	MF21	GC1	103.0		217547
